{
    "required": true,
    "package": "com.lazrproductions.cuffed.mixin",
    "compatibilityLevel": "JAVA_17",
    "refmap": "mixin.cuffed.refmap.json",
    "server": [
    ],
    "mixins": [
        "PlayerMixin",
        "ItemMixin",
        "LivingEntityMixin",
        "EntityMixin",
        "BundleItemMixin"
    ],
    "client": [
        "HumanoidModelMixin",
        "PlayerRendererMixin",
        "EntityRendererMixin",
        "EffectRenderingInventoryScreenMixin",
        "KeyboardHandlerMixin",
        "MouseHandlerMixin",
        "ItemInHandRendererMixin",
        "LocalPlayerMixin"
    ],
    "minVersion": "0.8"
}