{
	"texture_size": [48, 48],
	"textures": {
		"0": "cuffed:block/bunk",
		"particle": "cuffed:block/bunk"
	},
	"elements": [
		{
			"from": [8, 3, 0],
			"to": [24, 7, 16],
			"rotation": {"angle": 0, "axis": "y", "origin": [8, 3, 0]},
			"faces": {
				"north": {"uv": [0, 5.33333, 5.33333, 6.66667], "texture": "#0"},
				"east": {"uv": [5.33333, 6.66667, 0, 8], "texture": "#0"},
				"south": {"uv": [5.33333, 5.33333, 0, 6.66667], "texture": "#0"},
				"up": {"uv": [5.33333, 0, 0, 5.33333], "texture": "#0"},
				"down": {"uv": [5.33333, 0, 0, 5.33333], "texture": "#0"}
			}
		},
		{
			"from": [24, 7, 0],
			"to": [24, 23, 16],
			"rotation": {"angle": 0, "axis": "y", "origin": [8, 7, 0]},
			"faces": {
				"east": {"uv": [10.66667, 0, 5.33333, 5.33333], "texture": "#0"},
				"west": {"uv": [5.33333, 0, 10.66667, 5.33333], "texture": "#0"}
			}
		},
		{
			"from": [8, 7, 1],
			"to": [23, 9, 15],
			"rotation": {"angle": 0, "axis": "y", "origin": [8, 3, 0]},
			"faces": {
				"north": {"uv": [0.66667, 10, 5.66667, 10.66667], "texture": "#0"},
				"east": {"uv": [1, 9.33333, 5.66667, 10], "texture": "#0"},
				"south": {"uv": [5.66667, 10, 0.66667, 10.66667], "texture": "#0"},
				"up": {"uv": [10.66667, 6, 5.66667, 10.66667], "texture": "#0"}
			}
		},
		{
			"from": [-8, 3, 0],
			"to": [8, 7, 16],
			"rotation": {"angle": 0, "axis": "y", "origin": [-8, 3, 0]},
			"faces": {
				"north": {"uv": [5.33333, 5.33333, 0, 6.66667], "texture": "#0"},
				"south": {"uv": [0, 5.33333, 5.33333, 6.66667], "texture": "#0"},
				"west": {"uv": [0, 6.66667, 5.33333, 8], "texture": "#0"},
				"up": {"uv": [0, 0, 5.33333, 5.33333], "texture": "#0"},
				"down": {"uv": [0, 0, 5.33333, 5.33333], "texture": "#0"}
			}
		},
		{
			"from": [-8, 7, 0],
			"to": [-8, 23, 16],
			"rotation": {"angle": 0, "axis": "y", "origin": [-24, 7, 0]},
			"faces": {
				"east": {"uv": [10.66667, 0, 5.33333, 5.33333], "texture": "#0"},
				"west": {"uv": [5.33333, 0, 10.66667, 5.33333], "texture": "#0"}
			}
		},
		{
			"from": [-7, 7, 1],
			"to": [8, 9, 15],
			"rotation": {"angle": 0, "axis": "y", "origin": [-7, 3, 0]},
			"faces": {
				"north": {"uv": [0.66667, 10.66667, 5.66667, 11.33333], "texture": "#0"},
				"south": {"uv": [5.66667, 10.66667, 0.66667, 11.33333], "texture": "#0"},
				"west": {"uv": [1, 10.66667, 5.66667, 11.33333], "texture": "#0"},
				"up": {"uv": [15.66667, 6, 10.66667, 10.66667], "texture": "#0"}
			}
		}
	],
	"display": {
		"thirdperson_righthand": {
			"rotation": [68, -37, 0],
			"translation": [0.5, -0.75, -0.25],
			"scale": [0.35, 0.35, 0.35]
		},
		"thirdperson_lefthand": {
			"rotation": [68, -37, 0],
			"translation": [0.5, -0.75, -0.25],
			"scale": [0.35, 0.35, 0.35]
		},
		"firstperson_righthand": {
			"rotation": [20, 89, 22],
			"translation": [4, 0.5, 0.5],
			"scale": [0.5, 0.5, 0.5]
		},
		"firstperson_lefthand": {
			"rotation": [20, 89, 22],
			"translation": [4, 0.5, 0.5],
			"scale": [0.5, 0.5, 0.5]
		},
		"ground": {
			"translation": [0, -1.25, 0],
			"scale": [0.4, 0.4, 0.4]
		},
		"gui": {
			"rotation": [33, -138, 0],
			"translation": [0, -1.5, 0],
			"scale": [0.43, 0.43, 0.43]
		},
		"head": {
			"translation": [0, -3, -9.25],
			"scale": [0.4, 0.4, 0.4]
		},
		"fixed": {
			"translation": [0, 0, -3],
			"scale": [0.5, 0.5, 0.5]
		}
	},
	"groups": [
		{
			"name": "block",
			"origin": [8, 8, 8],
			"color": 0,
			"nbt": "{}",
			"children": [0, 1, 2]
		},
		{
			"name": "block",
			"origin": [8, 8, 8],
			"color": 0,
			"nbt": "{}",
			"children": [3, 4, 5]
		}
	]
}