{
	"credit": "Made with Blockbench",
	"textures": {
		"0": "cuffed:item/handcuffs",
		"particle": "cuffed:item/handcuffs"
	},
	"elements": [
		{
			"from": [2, 1, 7],
			"to": [5, 2, 9],
			"faces": {
				"north": {"uv": [11.5, 0, 13, 0.5], "texture": "#0"},
				"east": {"uv": [9, 0, 10, 0.5], "texture": "#0"},
				"south": {"uv": [11.5, 0, 13, 0.5], "texture": "#0"},
				"west": {"uv": [9, 0, 10, 0.5], "texture": "#0"},
				"up": {"uv": [11.5, 0, 13, 1], "texture": "#0"},
				"down": {"uv": [11.5, 0, 13, 1], "texture": "#0"}
			}
		},
		{
			"from": [2, 5, 7],
			"to": [5, 6, 9],
			"faces": {
				"north": {"uv": [11.5, 0, 13, 0.5], "texture": "#0"},
				"east": {"uv": [9, 0, 10, 0.5], "texture": "#0"},
				"south": {"uv": [11.5, 0, 13, 0.5], "texture": "#0"},
				"west": {"uv": [9, 0, 10, 0.5], "texture": "#0"},
				"up": {"uv": [11.5, 0, 13, 1], "texture": "#0"},
				"down": {"uv": [11.5, 0, 13, 1], "texture": "#0"}
			}
		},
		{
			"from": [11, 1, 7],
			"to": [14, 2, 9],
			"faces": {
				"north": {"uv": [11.5, 0.5, 13, 1], "texture": "#0"},
				"east": {"uv": [10.5, 0, 11.5, 0.5], "texture": "#0"},
				"south": {"uv": [11.5, 0, 13, 0.5], "texture": "#0"},
				"west": {"uv": [9.5, 0, 10.5, 0.5], "texture": "#0"},
				"up": {"uv": [11.5, 0, 13, 1], "texture": "#0"},
				"down": {"uv": [11.5, 0, 13, 1], "texture": "#0"}
			}
		},
		{
			"from": [14, 2, 7],
			"to": [15, 5, 9],
			"faces": {
				"north": {"uv": [9, 0.5, 9.5, 2], "texture": "#0"},
				"east": {"uv": [9, 0.5, 10, 2], "texture": "#0"},
				"south": {"uv": [9, 0.5, 9.5, 2], "texture": "#0"},
				"west": {"uv": [9, 0.5, 10, 2], "texture": "#0"},
				"up": {"uv": [12, 1, 12.5, 2], "texture": "#0"},
				"down": {"uv": [12, 1, 12.5, 2], "texture": "#0"}
			}
		},
		{
			"from": [10, 2, 7],
			"to": [11, 5, 9],
			"faces": {
				"north": {"uv": [9, 0.5, 9.5, 2], "texture": "#0"},
				"east": {"uv": [9, 0.5, 10, 2], "texture": "#0"},
				"south": {"uv": [9, 0.5, 9.5, 2], "texture": "#0"},
				"west": {"uv": [9, 0.5, 10, 2], "texture": "#0"},
				"up": {"uv": [12, 1, 12.5, 2], "texture": "#0"},
				"down": {"uv": [12, 1, 12.5, 2], "texture": "#0"}
			}
		},
		{
			"from": [11, 5, 7],
			"to": [14, 6, 9],
			"faces": {
				"north": {"uv": [11.5, 0, 13, 0.5], "texture": "#0"},
				"east": {"uv": [9, 0, 10, 0.5], "texture": "#0"},
				"south": {"uv": [11.5, 0.5, 13, 1], "texture": "#0"},
				"west": {"uv": [9.5, 0, 10.5, 0.5], "texture": "#0"},
				"up": {"uv": [11.5, 0, 13, 1], "texture": "#0"},
				"down": {"uv": [11.5, 0, 13, 1], "texture": "#0"}
			}
		},
		{
			"from": [1, 2, 7],
			"to": [2, 5, 9],
			"faces": {
				"north": {"uv": [9, 0.5, 9.5, 2], "texture": "#0"},
				"east": {"uv": [9, 0.5, 10, 2], "texture": "#0"},
				"south": {"uv": [9, 0.5, 9.5, 2], "texture": "#0"},
				"west": {"uv": [9, 0.5, 10, 2], "texture": "#0"},
				"up": {"uv": [12, 1, 12.5, 2], "texture": "#0"},
				"down": {"uv": [12, 1, 12.5, 2], "texture": "#0"}
			}
		},
		{
			"from": [5, 2, 7],
			"to": [6, 5, 9],
			"faces": {
				"north": {"uv": [9, 0.5, 9.5, 2], "texture": "#0"},
				"east": {"uv": [9, 0.5, 10, 2], "texture": "#0"},
				"south": {"uv": [9, 0.5, 9.5, 2], "texture": "#0"},
				"west": {"uv": [9, 0.5, 10, 2], "texture": "#0"},
				"up": {"uv": [12, 1, 12.5, 2], "texture": "#0"},
				"down": {"uv": [12, 1, 12.5, 2], "texture": "#0"}
			}
		},
		{
			"from": [3, 1, 8],
			"to": [13, 11, 8],
			"faces": {
				"north": {"uv": [8, 3.5, 13, 8.5], "texture": "#0"},
				"south": {"uv": [8, 3.5, 13, 8.5], "texture": "#0"}
			}
		}
	],
	"display": {
		"thirdperson_righthand": {
			"rotation": [45, 90, 90],
			"translation": [0, -1, 1.75],
			"scale": [0.88, 0.88, 0.88]
		},
		"thirdperson_lefthand": {
			"rotation": [45, 90, 90],
			"translation": [0, -1, 1.75],
			"scale": [0.88, 0.88, 0.88]
		},
		"firstperson_righthand": {
			"rotation": [139.34, 75.15, -32.94],
			"translation": [2.5, 0.75, 2]
		},
		"firstperson_lefthand": {
			"rotation": [139.34, 75.15, -32.94],
			"translation": [2.5, 0.75, 2]
		},
		"ground": {
			"translation": [0, 3.25, 0]
		},
		"gui": {
			"rotation": [-37, 0, 134],
			"translation": [-4, -3.5, 0],
			"scale": [1.25, 1.25, 1.25]
		},
		"fixed": {
			"translation": [0, 4.25, -0.25],
			"scale": [1.34, 1.34, 1.34]
		}
	},
	"groups": [
		{
			"name": "fuzzy-cuffs",
			"origin": [8, 8, 8],
			"color": 0,
			"nbt": "{}",
			"children": [0, 1, 2, 3, 4, 5, 6, 7, 8]
		}
	]
}