{
	"credit": "Made with Blockbench",
	"texture_size": [32, 32],
	"textures": {
		"0": "cuffed:block/pillory",
		"1": "cuffed:block/guillotine",
		"particle": "cuffed:block/pillory"
	},
	"elements": [
		{
			"from": [14, 7, 6],
			"to": [17, 23, 10],
			"rotation": {"angle": 0, "axis": "y", "origin": [16, 7, 0]},
			"faces": {
				"north": {"uv": [5, 4, 6.5, 12], "texture": "#0"},
				"east": {"uv": [8, 4, 10, 12], "texture": "#0"},
				"south": {"uv": [5, 4, 6.5, 12], "texture": "#0"},
				"west": {"uv": [6.5, 4, 8.5, 12], "texture": "#0"},
				"up": {"uv": [3.5, 6, 5, 8], "texture": "#0"},
				"down": {"uv": [3.5, 6, 5, 8], "texture": "#0"}
			}
		},
		{
			"from": [-1, 7, 6],
			"to": [2, 23, 10],
			"rotation": {"angle": 0, "axis": "y", "origin": [16, 7, 0]},
			"faces": {
				"north": {"uv": [5, 4, 6.5, 12], "texture": "#0"},
				"east": {"uv": [8, 4, 10, 12], "texture": "#0"},
				"south": {"uv": [5, 4, 6.5, 12], "texture": "#0"},
				"west": {"uv": [6.5, 4, 8.5, 12], "texture": "#0"},
				"up": {"uv": [3.5, 6, 5, 8], "texture": "#0"},
				"down": {"uv": [3.5, 6, 5, 8], "texture": "#0"}
			}
		},
		{
			"from": [14, 0, 6],
			"to": [17, 7, 10],
			"rotation": {"angle": 0, "axis": "y", "origin": [16, 0, 0]},
			"faces": {
				"north": {"uv": [5, 4, 6.5, 7.5], "texture": "#0"},
				"east": {"uv": [8, 4, 10, 7.5], "texture": "#0"},
				"south": {"uv": [5, 4, 6.5, 7.5], "texture": "#0"},
				"west": {"uv": [6.5, 4, 8.5, 7.5], "texture": "#0"},
				"up": {"uv": [3.5, 6, 5, 8], "texture": "#0"},
				"down": {"uv": [3.5, 6, 5, 8], "texture": "#0"}
			}
		},
		{
			"from": [-1, 0, 6],
			"to": [2, 7, 10],
			"rotation": {"angle": 0, "axis": "y", "origin": [16, 0, 0]},
			"faces": {
				"north": {"uv": [5, 4, 6.5, 7.5], "texture": "#0"},
				"east": {"uv": [8, 4, 10, 7.5], "texture": "#0"},
				"south": {"uv": [5, 4, 6.5, 7.5], "texture": "#0"},
				"west": {"uv": [6.5, 4, 8.5, 7.5], "texture": "#0"},
				"up": {"uv": [3.5, 6, 5, 8], "texture": "#0"},
				"down": {"uv": [3.5, 6, 5, 8], "texture": "#0"}
			}
		},
		{
			"from": [2, 1, 5],
			"to": [14, 11, 6],
			"rotation": {"angle": 0, "axis": "y", "origin": [11, 19, 4]},
			"faces": {
				"north": {"uv": [0.5, 10.5, 6.5, 15.5], "texture": "#1"},
				"east": {"uv": [0, 11, 0.5, 16], "texture": "#1"},
				"south": {"uv": [0.5, 10.5, 6.5, 15.5], "texture": "#1"},
				"west": {"uv": [0, 11, 0.5, 16], "texture": "#1"},
				"up": {"uv": [0.5, 10.5, 6.5, 11], "texture": "#1"},
				"down": {"uv": [0.5, 15.5, 6.5, 16], "texture": "#1"}
			}
		},
		{
			"from": [11, 11, 5],
			"to": [13, 17, 6],
			"rotation": {"angle": 0, "axis": "y", "origin": [10, 25, 4]},
			"faces": {
				"north": {"uv": [15, 13, 16, 16], "texture": "#1"},
				"east": {"uv": [14.5, 13, 15, 16], "texture": "#1"},
				"south": {"uv": [14.5, 13, 15.5, 16], "texture": "#1"},
				"west": {"uv": [15.5, 13, 16, 16], "texture": "#1"}
			}
		},
		{
			"from": [3, 11, 5],
			"to": [5, 17, 6],
			"rotation": {"angle": 0, "axis": "y", "origin": [3, 25, 4]},
			"faces": {
				"north": {"uv": [15, 13, 16, 16], "texture": "#1"},
				"east": {"uv": [14.5, 13, 15, 16], "texture": "#1"},
				"south": {"uv": [14.5, 13, 15.5, 16], "texture": "#1"},
				"west": {"uv": [14.5, 13, 15, 16], "texture": "#1"}
			}
		},
		{
			"from": [2, 17, 5],
			"to": [14, 19, 6],
			"rotation": {"angle": 0, "axis": "y", "origin": [11, 27, 4]},
			"faces": {
				"north": {"uv": [0.5, 4, 6.5, 5], "texture": "#1"},
				"east": {"uv": [0, 4, 0.5, 5], "texture": "#1"},
				"south": {"uv": [0.5, 4, 6.5, 5], "texture": "#1"},
				"west": {"uv": [0, 4, 0.5, 5], "texture": "#1"},
				"up": {"uv": [0.5, 3.5, 6.5, 4], "texture": "#1"},
				"down": {"uv": [10, 2, 16, 2.5], "texture": "#0"}
			}
		},
		{
			"from": [-2, 17, 5],
			"to": [2, 19, 6],
			"rotation": {"angle": 0, "axis": "y", "origin": [11, 17, 4]},
			"faces": {
				"north": {"uv": [6.5, 4, 8.5, 5], "texture": "#1"},
				"east": {"uv": [8.5, 4, 9, 5], "texture": "#1"},
				"south": {"uv": [6.5, 4, 8.5, 5], "texture": "#1"},
				"west": {"uv": [8.5, 4, 9, 5], "texture": "#1"},
				"up": {"uv": [6.5, 3.5, 8.5, 4], "texture": "#1"},
				"down": {"uv": [6.5, 3.5, 8.5, 4], "texture": "#1"}
			}
		},
		{
			"from": [14, 17, 5],
			"to": [18, 19, 6],
			"rotation": {"angle": 0, "axis": "y", "origin": [28, 17, 4]},
			"faces": {
				"north": {"uv": [6.5, 4, 8.5, 5], "texture": "#1"},
				"east": {"uv": [8.5, 4, 9, 5], "texture": "#1"},
				"south": {"uv": [6.5, 4, 8.5, 5], "texture": "#1"},
				"west": {"uv": [8.5, 4, 9, 5], "texture": "#1"},
				"up": {"uv": [6.5, 3.5, 8.5, 4], "texture": "#1"},
				"down": {"uv": [6.5, 3.5, 8.5, 4], "texture": "#1"}
			}
		},
		{
			"from": [15, 19, 4],
			"to": [16, 22, 6],
			"rotation": {"angle": 0, "axis": "y", "origin": [19, 19, 4]},
			"faces": {
				"north": {"uv": [0, 4.5, 0.5, 6], "texture": "#0"},
				"east": {"uv": [0.5, 4.5, 1.5, 6], "texture": "#0"},
				"west": {"uv": [1.5, 4.5, 2.5, 6], "texture": "#0"},
				"up": {"uv": [0, 0.5, 0.5, 1.5], "texture": "#0"},
				"down": {"uv": [2.5, 2, 2, 3], "texture": "#0"}
			}
		},
		{
			"from": [0, 2, 4],
			"to": [1, 5, 6],
			"rotation": {"angle": 0, "axis": "y", "origin": [4, 2, 4]},
			"faces": {
				"north": {"uv": [0, 4.5, 0.5, 6], "texture": "#0"},
				"east": {"uv": [0.5, 4.5, 1.5, 6], "texture": "#0"},
				"west": {"uv": [1.5, 4.5, 2.5, 6], "texture": "#0"},
				"up": {"uv": [0, 0.5, 0.5, 1.5], "texture": "#0"},
				"down": {"uv": [2.5, 2, 2, 3], "texture": "#0"}
			}
		},
		{
			"from": [15, 2, 4],
			"to": [16, 5, 6],
			"rotation": {"angle": 0, "axis": "y", "origin": [19, 2, 4]},
			"faces": {
				"north": {"uv": [0, 4.5, 0.5, 6], "texture": "#0"},
				"east": {"uv": [0.5, 4.5, 1.5, 6], "texture": "#0"},
				"west": {"uv": [1.5, 4.5, 2.5, 6], "texture": "#0"},
				"up": {"uv": [0, 0.5, 0.5, 1.5], "texture": "#0"},
				"down": {"uv": [2.5, 2, 2, 3], "texture": "#0"}
			}
		},
		{
			"from": [0, 5, 4],
			"to": [1, 19, 5],
			"rotation": {"angle": 0, "axis": "y", "origin": [4, 11, 4]},
			"faces": {
				"north": {"uv": [0, 4, 0.5, 11], "texture": "#0"},
				"east": {"uv": [0, 4, 0.5, 11], "texture": "#0"},
				"south": {"uv": [0, 4, 0.5, 11], "texture": "#0"},
				"west": {"uv": [0, 4, 0.5, 11], "texture": "#0"}
			}
		},
		{
			"from": [15, 5, 4],
			"to": [16, 19, 5],
			"rotation": {"angle": 0, "axis": "y", "origin": [19, 11, 4]},
			"faces": {
				"north": {"uv": [0, 4, 0.5, 11], "texture": "#0"},
				"east": {"uv": [0, 4, 0.5, 11], "texture": "#0"},
				"south": {"uv": [0, 4, 0.5, 11], "texture": "#0"},
				"west": {"uv": [0, 4, 0.5, 11], "texture": "#0"}
			}
		},
		{
			"from": [0, 19, 4],
			"to": [1, 22, 6],
			"rotation": {"angle": 0, "axis": "y", "origin": [4, 19, 4]},
			"faces": {
				"north": {"uv": [0, 4.5, 0.5, 6], "texture": "#0"},
				"east": {"uv": [0.5, 4.5, 1.5, 6], "texture": "#0"},
				"west": {"uv": [1.5, 4.5, 2.5, 6], "texture": "#0"},
				"up": {"uv": [0, 0.5, 0.5, 1.5], "texture": "#0"},
				"down": {"uv": [2.5, 2, 2, 3], "texture": "#0"}
			}
		},
		{
			"from": [2, 17, 7],
			"to": [14, 21, 9],
			"rotation": {"angle": 0, "axis": "y", "origin": [11, 18, 7]},
			"faces": {
				"north": {"uv": [10, 0, 16, 2], "texture": "#0"},
				"east": {"uv": [0, 0, 0, 0], "texture": "#0"},
				"south": {"uv": [16, 0, 10, 2], "texture": "#0"},
				"west": {"uv": [0, 0, 0, 0], "texture": "#0"},
				"up": {"uv": [10, 0, 16, 1], "texture": "#0"},
				"down": {"uv": [16, 2, 10, 3], "texture": "#0"}
			}
		},
		{
			"from": [0, 16, 5],
			"to": [1, 17, 11],
			"rotation": {"angle": 0, "axis": "y", "origin": [3, 20, 0]},
			"faces": {
				"north": {"uv": [0.5, 3, 1, 3.5], "texture": "#0"},
				"east": {"uv": [1.5, 2, 4.5, 2.5], "texture": "#0"},
				"south": {"uv": [3, 2, 3.5, 2.5], "texture": "#0"},
				"west": {"uv": [0.5, 2, 3.5, 2.5], "texture": "#0"},
				"up": {"uv": [0, 6, 0.5, 9], "texture": "#0"},
				"down": {"uv": [0, 6, 0.5, 9], "texture": "#0"}
			}
		},
		{
			"from": [15, 16, 5],
			"to": [16, 17, 11],
			"rotation": {"angle": 0, "axis": "y", "origin": [16, 20, 0]},
			"faces": {
				"north": {"uv": [0.5, 3, 1, 3.5], "texture": "#0"},
				"east": {"uv": [1.5, 2, 4.5, 2.5], "texture": "#0"},
				"south": {"uv": [3, 2, 3.5, 2.5], "texture": "#0"},
				"west": {"uv": [0.5, 2, 3.5, 2.5], "texture": "#0"},
				"up": {"uv": [0, 6, 0.5, 9], "texture": "#0"},
				"down": {"uv": [0, 6, 0.5, 9], "texture": "#0"}
			}
		}
	],
	"display": {
		"thirdperson_righthand": {
			"rotation": [19.5, 90, 0],
			"translation": [0, 0.25, -1.75],
			"scale": [0.4, 0.4, 0.4]
		},
		"thirdperson_lefthand": {
			"rotation": [19.5, 90, 0],
			"translation": [0, 0.25, -1.75],
			"scale": [0.4, 0.4, 0.4]
		},
		"firstperson_righthand": {
			"rotation": [98.69, 80.68, -100.3],
			"translation": [0.5, 1.75, 1.25],
			"scale": [0.75, 0.75, 0.75]
		},
		"firstperson_lefthand": {
			"rotation": [98.69, 80.68, -100.3],
			"translation": [0.5, 1.75, 1.25],
			"scale": [0.75, 0.75, 0.75]
		},
		"ground": {
			"rotation": [15, 0, 0],
			"translation": [0, 1.75, 0],
			"scale": [0.74, 0.7, 0.7]
		},
		"gui": {
			"rotation": [15, 143.5, 0],
			"translation": [0, -2, 0],
			"scale": [0.6, 0.6, 0.6]
		},
		"head": {
			"rotation": [50.75, 0, 0],
			"translation": [0, -9.25, 0.5],
			"scale": [1.75, 1.75, 1.75]
		},
		"fixed": {
			"translation": [0, -2.75, 0],
			"scale": [0.8, 0.8, 0.8]
		}
	},
	"groups": [
		{
			"name": "guillotine",
			"origin": [8, 8, 8],
			"color": 0,
			"nbt": "{}",
			"children": [
				{
					"name": "Base",
					"origin": [8, 8, 8],
					"color": 0,
					"nbt": "{}",
					"children": [0, 1, 2, 3]
				},
				{
					"name": "blade",
					"origin": [8, 8, 8],
					"color": 0,
					"nbt": "{}",
					"children": [4, 5, 6, 7, 8, 9]
				},
				10,
				11,
				12,
				13,
				14,
				15,
				16,
				17,
				18
			]
		}
	]
}