{
    "parent": "minecraft:item/generated",
    "textures": {
      "layer0": "cuffed:item/poster"
    },
    "overrides": [
      {
        "predicate": {
          "cuffed:poster": 1
        },
        "model": "cuffed:item/poster_serenity"
      },
      {
        "predicate": {
          "cuffed:poster": 2
        },
        "model": "cuffed:item/poster_skeleton"
      },
      {
        "predicate": {
          "cuffed:poster": 3
        },
        "model": "cuffed:item/poster_impunity"
      },
      {
        "predicate": {
          "cuffed:poster": 4
        },
        "model": "cuffed:item/poster_zooom"
      },
      {
        "predicate": {
          "cuffed:poster": 5
        },
        "model": "cuffed:item/poster_ashadowlockedaway"
      },
      {
        "predicate": {
          "cuffed:poster": 6
        },
        "model": "cuffed:item/poster_prisoner"
      },
      {
        "predicate": {
          "cuffed:poster": 7
        },
        "model": "cuffed:item/poster_lantern"
      }
    ]
}