{
    "type": "minecraft:block",
    "pools": [
      {
        "rolls": 1,
        "entries": [
          {
            "type": "minecraft:item",
            "name": "cuffed:bunk"
          }
        ],
        "conditions": [
          {
            "condition": "minecraft:survives_explosion"
          },
          {
            "block": "cuffed:bunk",
            "condition": "minecraft:block_state_property",
            "properties": {
              "part": "head"
            }
          }
        ]
      }
    ]
  }