{
    "type": "minecraft:block",
    "pools": [
      {
        "rolls": 1,
        "entries": [
          {
            "type": "minecraft:item",

            "name": "cuffed:poster"
          }
        ],
        "conditions": [
          {
            "block": "cuffed:poster",
            "condition": "minecraft:block_state_property",
            "properties": {
              "half": "lower",
              "poster": "none"
            }
          }
        ]
      },
      {
        "rolls": 1,
        "entries": [
          {
            "type": "minecraft:item",

            "name": "cuffed:poster",
            "functions": [
              {
                "function": "set_nbt",
                "tag": "{Poster:\"serenity\"}"
              }
            ]
          }
        ],
        "conditions": [
          {
            "block": "cuffed:poster",
            "condition": "minecraft:block_state_property",
            "properties": {
              "half": "lower",
              "poster": "serenity"
            }
          }
        ]
      },
      {
        "rolls": 1,
        "entries": [
          {
            "type": "minecraft:item",

            "name": "cuffed:poster",
            "functions": [
              {
                "function": "set_nbt",
                "tag": "{Poster:\"skeleton\"}"
              }
            ]
          }
        ],
        "conditions": [
          {
            "block": "cuffed:poster",
            "condition": "minecraft:block_state_property",
            "properties": {
              "half": "lower",
              "poster": "skeleton"
            }
          }
        ]
      },
      {
        "rolls": 1,
        "entries": [
          {
            "type": "minecraft:item",

            "name": "cuffed:poster",
            "functions": [
              {
                "function": "set_nbt",
                "tag": "{Poster:\"impunity\"}"
              }
            ]
          }
        ],
        "conditions": [
          {
            "block": "cuffed:poster",
            "condition": "minecraft:block_state_property",
            "properties": {
              "half": "lower",
              "poster": "impunity"
            }
          }
        ]
      },
      {
        "rolls": 1,
        "entries": [
          {
            "type": "minecraft:item",

            "name": "cuffed:poster",
            "functions": [
              {
                "function": "set_nbt",
                "tag": "{Poster:\"zooom\"}"
              }
            ]
          }
        ],
        "conditions": [
          {
            "block": "cuffed:poster",
            "condition": "minecraft:block_state_property",
            "properties": {
              "half": "lower",
              "poster": "zooom"
            }
          }
        ]
      },
      {
        "rolls": 1,
        "entries": [
          {
            "type": "minecraft:item",

            "name": "cuffed:poster",
            "functions": [
              {
                "function": "set_nbt",
                "tag": "{Poster:\"a_shadow_locked_away\"}"
              }
            ]
          }
        ],
        "conditions": [
          {
            "block": "cuffed:poster",
            "condition": "minecraft:block_state_property",
            "properties": {
              "half": "lower",
              "poster": "a_shadow_locked_away"
            }
          }
        ]
      },
      {
        "rolls": 1,
        "entries": [
          {
            "type": "minecraft:item",

            "name": "cuffed:poster",
            "functions": [
              {
                "function": "set_nbt",
                "tag": "{Poster:\"prisoner\"}"
              }
            ]
          }
        ],
        "conditions": [
          {
            "block": "cuffed:poster",
            "condition": "minecraft:block_state_property",
            "properties": {
              "half": "lower",
              "poster": "prisoner"
            }
          }
        ]
      },
      {
        "rolls": 1,
        "entries": [
          {
            "type": "minecraft:item",

            "name": "cuffed:poster",
            "functions": [
              {
                "function": "set_nbt",
                "tag": "{Poster:\"lantern\"}"
              }
            ]
          }
        ],
        "conditions": [
          {
            "block": "cuffed:poster",
            "condition": "minecraft:block_state_property",
            "properties": {
              "half": "lower",
              "poster": "lantern"
            }
          }
        ]
      }
    ]
  }