{
	"credit": "Made with Blockbench",
	"render_type": "cutout",
	"texture_size": [48, 48],
	"textures": {
		"0": "cuffed:block/bunk",
		"particle": "cuffed:block/bunk"
	},
	"elements": [
		{
			"from": [0, 3, 0],
			"to": [16, 7, 16],
			"rotation": {"angle": 0, "axis": "y", "origin": [0, 3, 0]},
			"faces": {
				"north": {"uv": [0, 5.33333, 5.33333, 6.66667], "texture": "#0"},
				"east": {"uv": [5.33333, 6.66667, 0, 8], "texture": "#0"},
				"south": {"uv": [5.33333, 5.33333, 0, 6.66667], "texture": "#0"},
				"up": {"uv": [5.33333, 0, 0, 5.33333], "texture": "#0"},
				"down": {"uv": [5.33333, 0, 0, 5.33333], "texture": "#0"}
			}
		},
		{
			"from": [15.5, 7, 0],
			"to": [15.5, 23, 16],
			"rotation": {"angle": 0, "axis": "y", "origin": [-0.5, 7, 0]},
			"faces": {
				"east": {"uv": [10.66667, 0, 5.33333, 5.33333], "texture": "#0"},
				"west": {"uv": [5.33333, 0, 10.66667, 5.33333], "texture": "#0"}
			}
		},
		{
			"from": [0, 7, 1],
			"to": [15, 9, 15],
			"rotation": {"angle": 0, "axis": "y", "origin": [0, 3, 0]},
			"faces": {
				"north": {"uv": [0.66667, 10, 5.66667, 10.66667], "texture": "#0"},
				"east": {"uv": [1, 9.33333, 5.66667, 10], "texture": "#0"},
				"south": {"uv": [5.66667, 10, 0.66667, 10.66667], "texture": "#0"},
				"up": {"uv": [10.66667, 6, 5.66667, 10.66667], "texture": "#0"}
			}
		}
	],
	"groups": [
		{
			"name": "block",
			"origin": [8, 8, 8],
			"color": 0,
			"nbt": "{}",
			"children": [0, 1, 2]
		}
	]
}