{
	"credit": "Made with Blockbench",
	"render_type": "cutout",
	"textures": {
		"bottom": "cuffed:block/cell_door_bottom",
		"particle": "cuffed:block/cell_door_bottom"
	},
	"elements": [
		{
			"from": [7, 0, 0],
			"to": [9, 16, 16],
			"rotation": {"angle": 0, "axis": "y", "origin": [8, 0, 8]},
			"faces": {
				"north": {"uv": [16, 0, 14, 16], "texture": "#bottom"},
				"east": {"uv": [0, 0, 16, 16], "texture": "#bottom"},
				"south": {"uv": [0, 0, 2, 16], "texture": "#bottom"},
				"west": {"uv": [16, 0, 0, 16], "texture": "#bottom"},
				"down": {"uv": [0, 14, 16, 16], "rotation": 270, "texture": "#bottom"}
			}
		}
	],
	"groups": [
		{
			"name": "cell_door_bottom_left",
			"origin": [8, 8, 8],
			"color": 0,
			"nbt": "{}",
			"children": [0]
		}
	]
}