{
	"credit": "Made with Blockbench",
	"render_type": "cutout",
	"textures": {
		"top": "cuffed:block/cell_door_top",
		"particle": "cuffed:block/cell_door_bottom"
	},
	"elements": [
		{
			"from": [-7, 0, 14],
			"to": [9, 16, 16],
			"rotation": {"angle": 0, "axis": "y", "origin": [8, 0, 8]},
			"faces": {
				"north": {"uv": [0, 0, 16, 16], "texture": "#top"},
				"east": {"uv": [0, 0, 2, 16], "texture": "#top"},
				"south": {"uv": [16, 0, 0, 16], "texture": "#top"},
				"west": {"uv": [16, 0, 14, 16], "texture": "#top"},
				"up": {"uv": [0, 0, 16, 2], "texture": "#top"},
				"down": {"uv": [0, 0, 0, 0], "texture": "#top"}
			}
		}
	],
	"groups": [
		{
			"name": "cell_door_bottom_left",
			"origin": [8, 8, 8],
			"color": 0,
			"nbt": "{}",
			"children": [0]
		}
	]
}