{
	"credit": "Made with Blockbench",
	"texture_size": [32, 32],
	"textures": {
		"0": "cuffed:block/pillory",
		"1": "cuffed:block/guillotine",
		"particle": "cuffed:block/pillory"
	},
	"elements": [
		{
			"from": [14, 0, 6],
			"to": [17, 16, 10],
			"rotation": {"angle": 0, "axis": "y", "origin": [16, 0, 0]},
			"faces": {
				"north": {"uv": [5, 4, 6.5, 12], "texture": "#0"},
				"east": {"uv": [8, 4, 10, 12], "texture": "#0"},
				"south": {"uv": [5, 4, 6.5, 12], "texture": "#0"},
				"west": {"uv": [6.5, 4, 8.5, 12], "texture": "#0"},
				"up": {"uv": [3.5, 6, 5, 8], "texture": "#0"},
				"down": {"uv": [3.5, 6, 5, 8], "texture": "#0"}
			}
		},
		{
			"from": [-1, 0, 6],
			"to": [2, 16, 10],
			"rotation": {"angle": 0, "axis": "y", "origin": [16, 0, 0]},
			"faces": {
				"north": {"uv": [5, 4, 6.5, 12], "texture": "#0"},
				"east": {"uv": [8, 4, 10, 12], "texture": "#0"},
				"south": {"uv": [5, 4, 6.5, 12], "texture": "#0"},
				"west": {"uv": [6.5, 4, 8.5, 12], "texture": "#0"},
				"up": {"uv": [3.5, 6, 5, 8], "texture": "#0"},
				"down": {"uv": [3.5, 6, 5, 8], "texture": "#0"}
			}
		},
		{
			"from": [2, -6, 5],
			"to": [14, 4, 6],
			"rotation": {"angle": 0, "axis": "y", "origin": [11, 12, 4]},
			"faces": {
				"north": {"uv": [0, 4.5, 6, 9.5], "texture": "#1"},
				"east": {"uv": [0, 4.5, 0.5, 9.5], "texture": "#1"},
				"south": {"uv": [0, 4.5, 6, 9.5], "texture": "#1"},
				"west": {"uv": [0, 4.5, 0.5, 9.5], "texture": "#1"},
				"up": {"uv": [0, 4.5, 6, 5], "texture": "#1"},
				"down": {"uv": [0, 9.5, 6, 10], "texture": "#1"}
			}
		},
		{
			"from": [11, 4, 5],
			"to": [13, 10, 6],
			"rotation": {"angle": 0, "axis": "y", "origin": [10, 18, 4]},
			"faces": {
				"north": {"uv": [1, 1, 2, 4], "texture": "#1"},
				"east": {"uv": [1, 1, 1.5, 4], "texture": "#1"},
				"south": {"uv": [1, 1, 2, 4], "texture": "#1"},
				"west": {"uv": [2, 1, 2.5, 4], "texture": "#1"}
			}
		},
		{
			"from": [3, 4, 5],
			"to": [5, 10, 6],
			"rotation": {"angle": 0, "axis": "y", "origin": [3, 18, 4]},
			"faces": {
				"north": {"uv": [1, 1, 2, 4], "texture": "#1"},
				"east": {"uv": [1, 1, 1.5, 4], "texture": "#1"},
				"south": {"uv": [1, 1, 2, 4], "texture": "#1"},
				"west": {"uv": [1, 1, 1.5, 4], "texture": "#1"}
			}
		},
		{
			"from": [2, 10, 5],
			"to": [14, 12, 6],
			"rotation": {"angle": 0, "axis": "y", "origin": [11, 20, 4]},
			"faces": {
				"north": {"uv": [0, 0, 6, 1], "texture": "#1"},
				"east": {"uv": [0, 0, 0.5, 1], "texture": "#1"},
				"south": {"uv": [0, 0, 6, 1], "texture": "#1"},
				"west": {"uv": [0, 0, 0.5, 1], "texture": "#1"},
				"up": {"uv": [0, 0, 6, 0.5], "texture": "#1"},
				"down": {"uv": [10, 2, 16, 2.5], "texture": "#0"}
			}
		},
		{
			"from": [-2, 10, 5],
			"to": [2, 12, 6],
			"rotation": {"angle": 0, "axis": "y", "origin": [11, 10, 4]},
			"faces": {
				"north": {"uv": [0, 0, 2, 1], "texture": "#1"},
				"east": {"uv": [0, 0, 0.5, 1], "texture": "#1"},
				"south": {"uv": [0, 0, 2, 1], "texture": "#1"},
				"west": {"uv": [0, 0, 0.5, 1], "texture": "#1"},
				"up": {"uv": [0, 0, 2, 0.5], "texture": "#1"},
				"down": {"uv": [0, 0.5, 2, 1], "texture": "#1"}
			}
		},
		{
			"from": [14, 10, 5],
			"to": [18, 12, 6],
			"rotation": {"angle": 0, "axis": "y", "origin": [28, 10, 4]},
			"faces": {
				"north": {"uv": [0, 0, 2, 1], "texture": "#1"},
				"east": {"uv": [0, 0, 0.5, 1], "texture": "#1"},
				"south": {"uv": [0, 0, 2, 1], "texture": "#1"},
				"west": {"uv": [0, 0, 0.5, 1], "texture": "#1"},
				"up": {"uv": [0, 0, 2, 0.5], "texture": "#1"},
				"down": {"uv": [0, 0.5, 2, 1], "texture": "#1"}
			}
		},
		{
			"from": [15, 12, 4],
			"to": [16, 15, 6],
			"rotation": {"angle": 0, "axis": "y", "origin": [19, 12, 4]},
			"faces": {
				"north": {"uv": [0, 4.5, 0.5, 6], "texture": "#0"},
				"east": {"uv": [0.5, 4.5, 1.5, 6], "texture": "#0"},
				"west": {"uv": [1.5, 4.5, 2.5, 6], "texture": "#0"},
				"up": {"uv": [0, 0.5, 0.5, 1.5], "texture": "#0"},
				"down": {"uv": [2.5, 2, 2, 3], "texture": "#0"}
			}
		},
		{
			"from": [0, -5, 4],
			"to": [1, -2, 6],
			"rotation": {"angle": 0, "axis": "y", "origin": [4, -5, 4]},
			"faces": {
				"north": {"uv": [0, 4.5, 0.5, 6], "texture": "#0"},
				"east": {"uv": [0.5, 4.5, 1.5, 6], "texture": "#0"},
				"west": {"uv": [1.5, 4.5, 2.5, 6], "texture": "#0"},
				"up": {"uv": [0, 0.5, 0.5, 1.5], "texture": "#0"},
				"down": {"uv": [2.5, 2, 2, 3], "texture": "#0"}
			}
		},
		{
			"from": [15, -5, 4],
			"to": [16, -2, 6],
			"rotation": {"angle": 0, "axis": "y", "origin": [19, -5, 4]},
			"faces": {
				"north": {"uv": [0, 4.5, 0.5, 6], "texture": "#0"},
				"east": {"uv": [0.5, 4.5, 1.5, 6], "texture": "#0"},
				"west": {"uv": [1.5, 4.5, 2.5, 6], "texture": "#0"},
				"up": {"uv": [0, 0.5, 0.5, 1.5], "texture": "#0"},
				"down": {"uv": [2.5, 2, 2, 3], "texture": "#0"}
			}
		},
		{
			"from": [0, -2, 4],
			"to": [1, 12, 5],
			"rotation": {"angle": 0, "axis": "y", "origin": [4, 4, 4]},
			"faces": {
				"north": {"uv": [0, 4, 0.5, 11], "texture": "#0"},
				"east": {"uv": [0, 4, 0.5, 11], "texture": "#0"},
				"south": {"uv": [0, 4, 0.5, 11], "texture": "#0"},
				"west": {"uv": [0, 4, 0.5, 11], "texture": "#0"}
			}
		},
		{
			"from": [15, -2, 4],
			"to": [16, 12, 5],
			"rotation": {"angle": 0, "axis": "y", "origin": [19, 4, 4]},
			"faces": {
				"north": {"uv": [0, 4, 0.5, 11], "texture": "#0"},
				"east": {"uv": [0, 4, 0.5, 11], "texture": "#0"},
				"south": {"uv": [0, 4, 0.5, 11], "texture": "#0"},
				"west": {"uv": [0, 4, 0.5, 11], "texture": "#0"}
			}
		},
		{
			"from": [0, 12, 4],
			"to": [1, 15, 6],
			"rotation": {"angle": 0, "axis": "y", "origin": [4, 12, 4]},
			"faces": {
				"north": {"uv": [0, 4.5, 0.5, 6], "texture": "#0"},
				"east": {"uv": [0.5, 4.5, 1.5, 6], "texture": "#0"},
				"west": {"uv": [1.5, 4.5, 2.5, 6], "texture": "#0"},
				"up": {"uv": [0, 0.5, 0.5, 1.5], "texture": "#0"},
				"down": {"uv": [2.5, 2, 2, 3], "texture": "#0"}
			}
		},
		{
			"from": [2, 10, 7],
			"to": [14, 14, 9],
			"rotation": {"angle": 0, "axis": "y", "origin": [11, 11, 7]},
			"faces": {
				"north": {"uv": [10, 0, 16, 2], "texture": "#0"},
				"east": {"uv": [0, 0, 0, 0], "texture": "#0"},
				"south": {"uv": [16, 0, 10, 2], "texture": "#0"},
				"west": {"uv": [0, 0, 0, 0], "texture": "#0"},
				"up": {"uv": [10, 0, 16, 1], "texture": "#0"},
				"down": {"uv": [16, 2, 10, 3], "texture": "#0"}
			}
		},
		{
			"from": [0, 9, 5],
			"to": [1, 10, 11],
			"rotation": {"angle": 0, "axis": "y", "origin": [3, 13, 0]},
			"faces": {
				"north": {"uv": [0.5, 3, 1, 3.5], "texture": "#0"},
				"east": {"uv": [1.5, 2, 4.5, 2.5], "texture": "#0"},
				"south": {"uv": [3, 2, 3.5, 2.5], "texture": "#0"},
				"west": {"uv": [0.5, 2, 3.5, 2.5], "texture": "#0"},
				"up": {"uv": [0, 6, 0.5, 9], "texture": "#0"},
				"down": {"uv": [0, 6, 0.5, 9], "texture": "#0"}
			}
		},
		{
			"from": [15, 9, 5],
			"to": [16, 10, 11],
			"rotation": {"angle": 0, "axis": "y", "origin": [16, 13, 0]},
			"faces": {
				"north": {"uv": [0.5, 3, 1, 3.5], "texture": "#0"},
				"east": {"uv": [1.5, 2, 4.5, 2.5], "texture": "#0"},
				"south": {"uv": [3, 2, 3.5, 2.5], "texture": "#0"},
				"west": {"uv": [0.5, 2, 3.5, 2.5], "texture": "#0"},
				"up": {"uv": [0, 6, 0.5, 9], "texture": "#0"},
				"down": {"uv": [0, 6, 0.5, 9], "texture": "#0"}
			}
		}
	],
	"display": {
		"thirdperson_righthand": {
			"rotation": [19.5, 90, 0],
			"translation": [0, 0.25, -1.75],
			"scale": [0.4, 0.4, 0.4]
		},
		"thirdperson_lefthand": {
			"rotation": [19.5, 90, 0],
			"translation": [0, 0.25, -1.75],
			"scale": [0.4, 0.4, 0.4]
		},
		"firstperson_righthand": {
			"rotation": [-6.2, -14.45, -1.55],
			"translation": [0.5, -0.25, 0],
			"scale": [0.5, 0.5, 0.5]
		},
		"firstperson_lefthand": {
			"rotation": [-6.2, -14.45, -1.55],
			"translation": [0.5, -0.25, 0],
			"scale": [0.5, 0.5, 0.5]
		},
		"ground": {
			"rotation": [15, 0, 0],
			"translation": [0, 1.75, 0],
			"scale": [0.74, 0.7, 0.7]
		},
		"gui": {
			"rotation": [15, -36.5, 0],
			"translation": [0, -0.25, 0],
			"scale": [0.6, 0.6, 0.6]
		},
		"head": {
			"rotation": [50.75, 0, 0],
			"translation": [0, -5, 0.5],
			"scale": [1.75, 1.75, 1.75]
		},
		"fixed": {
			"translation": [0, -0.25, 0],
			"scale": [0.8, 0.8, 0.8]
		}
	},
	"groups": [
		{
			"name": "guillotine",
			"origin": [8, 8, 8],
			"color": 0,
			"nbt": "{}",
			"children": [
				{
					"name": "Base",
					"origin": [8, 8, 8],
					"color": 0,
					"nbt": "{}",
					"children": [0, 1]
				},
				{
					"name": "blade",
					"origin": [8, 8, 8],
					"color": 0,
					"nbt": "{}",
					"children": [2, 3, 4, 5, 6, 7]
				},
				8,
				9,
				10,
				11,
				12,
				13,
				14,
				15,
				16
			]
		}
	]
}