{
	"credit": "Made with Blockbench",
	"texture_size": [32, 32],
	"textures": {
		"0": "cuffed:block/pillory",
		"particle": "cuffed:block/pillory"
	},
	"elements": [
		{
			"from": [0, 0, 6],
			"to": [3, 14, 10],
			"rotation": {"angle": 0, "axis": "y", "origin": [3, 0, 0]},
			"faces": {
				"north": {"uv": [5, 5, 6.5, 12], "texture": "#0"},
				"east": {"uv": [8, 5, 10, 12], "texture": "#0"},
				"south": {"uv": [5, 5, 6.5, 12], "texture": "#0"},
				"west": {"uv": [6, 5, 8, 12], "texture": "#0"},
				"up": {"uv": [2, 6, 3.5, 8], "texture": "#0"},
				"down": {"uv": [3.5, 6, 5, 8], "texture": "#0"}
			}
		},
		{
			"from": [0, 14, 6],
			"to": [3, 21, 7],
			"rotation": {"angle": 0, "axis": "y", "origin": [3, 9, 0]},
			"faces": {
				"north": {"uv": [5, 1, 6.5, 4.5], "texture": "#0"},
				"east": {"uv": [8, 1, 8.5, 4.5], "texture": "#0"},
				"south": {"uv": [8, 1, 9.5, 4.5], "texture": "#0"},
				"west": {"uv": [6, 1, 6.5, 4.5], "texture": "#0"}
			}
		},
		{
			"from": [1, 17, 5],
			"to": [2, 18, 11],
			"rotation": {"angle": 0, "axis": "y", "origin": [3, 7, 0]},
			"faces": {
				"north": {"uv": [0.5, 2, 1, 2.5], "texture": "#0"},
				"east": {"uv": [2, 2.5, 5, 3], "texture": "#0"},
				"south": {"uv": [3.5, 2, 4, 2.5], "texture": "#0"},
				"west": {"uv": [0, 2.5, 3, 3], "texture": "#0"},
				"up": {"uv": [0, 6, 0.5, 9], "texture": "#0"},
				"down": {"uv": [0, 6, 0.5, 9], "texture": "#0"}
			}
		},
		{
			"from": [0, 21, 6],
			"to": [3, 23, 10],
			"rotation": {"angle": 0, "axis": "y", "origin": [3, 9, 0]},
			"faces": {
				"north": {"uv": [5, 0, 6.5, 1], "texture": "#0"},
				"east": {"uv": [8, 0, 10, 1], "texture": "#0"},
				"south": {"uv": [5, 0, 6.5, 1], "texture": "#0"},
				"west": {"uv": [6, 0, 8, 1], "texture": "#0"},
				"up": {"uv": [3.5, 6, 5, 8], "texture": "#0"},
				"down": {"uv": [2, 6, 3.5, 8], "texture": "#0"}
			}
		},
		{
			"from": [0, 14, 9],
			"to": [3, 21, 10],
			"rotation": {"angle": 0, "axis": "y", "origin": [3, 9, 3]},
			"faces": {
				"north": {"uv": [8, 1, 9.5, 4.5], "texture": "#0"},
				"east": {"uv": [8, 1, 8.5, 4.5], "texture": "#0"},
				"south": {"uv": [5, 1, 6.5, 4.5], "texture": "#0"},
				"west": {"uv": [6, 1, 6.5, 4.5], "texture": "#0"}
			}
		},
		{
			"from": [13, 14, 9],
			"to": [16, 21, 10],
			"rotation": {"angle": 0, "axis": "y", "origin": [16, 9, 3]},
			"faces": {
				"north": {"uv": [8, 1, 9.5, 4.5], "texture": "#0"},
				"east": {"uv": [8, 1, 8.5, 4.5], "texture": "#0"},
				"south": {"uv": [5, 1, 6.5, 4.5], "texture": "#0"},
				"west": {"uv": [6, 1, 6.5, 4.5], "texture": "#0"}
			}
		},
		{
			"from": [13, 0, 6],
			"to": [16, 14, 10],
			"rotation": {"angle": 0, "axis": "y", "origin": [16, 0, 0]},
			"faces": {
				"north": {"uv": [5, 5, 6.5, 12], "texture": "#0"},
				"east": {"uv": [8, 5, 10, 12], "texture": "#0"},
				"south": {"uv": [5, 5, 6.5, 12], "texture": "#0"},
				"west": {"uv": [6, 5, 8, 12], "texture": "#0"},
				"up": {"uv": [2, 6, 3.5, 8], "texture": "#0"},
				"down": {"uv": [3.5, 6, 5, 8], "texture": "#0"}
			}
		},
		{
			"from": [13, 14, 6],
			"to": [16, 21, 7],
			"rotation": {"angle": 0, "axis": "y", "origin": [16, 9, 0]},
			"faces": {
				"north": {"uv": [5, 1, 6.5, 4.5], "texture": "#0"},
				"east": {"uv": [8, 1, 8.5, 4.5], "texture": "#0"},
				"south": {"uv": [8, 1, 9.5, 4.5], "texture": "#0"},
				"west": {"uv": [6, 1, 6.5, 4.5], "texture": "#0"}
			}
		},
		{
			"from": [13, 21, 6],
			"to": [16, 23, 10],
			"rotation": {"angle": 0, "axis": "y", "origin": [16, 9, 0]},
			"faces": {
				"north": {"uv": [5, 0, 6.5, 1], "texture": "#0"},
				"east": {"uv": [8, 0, 10, 1], "texture": "#0"},
				"south": {"uv": [5, 0, 6.5, 1], "texture": "#0"},
				"west": {"uv": [6, 0, 8, 1], "texture": "#0"},
				"up": {"uv": [3.5, 6, 5, 8], "texture": "#0"},
				"down": {"uv": [2, 6, 3.5, 8], "texture": "#0"}
			}
		},
		{
			"from": [14, 17, 5],
			"to": [15, 18, 11],
			"rotation": {"angle": 0, "axis": "y", "origin": [16, 7, 0]},
			"faces": {
				"north": {"uv": [0.5, 2, 1, 2.5], "texture": "#0"},
				"east": {"uv": [2, 2.5, 5, 3], "texture": "#0"},
				"south": {"uv": [3.5, 2, 4, 2.5], "texture": "#0"},
				"west": {"uv": [0, 2.5, 3, 3], "texture": "#0"},
				"up": {"uv": [0, 6, 0.5, 9], "texture": "#0"},
				"down": {"uv": [0, 6, 0.5, 9], "texture": "#0"}
			}
		},
		{
			"from": [3, 8, 7],
			"to": [6, 12, 9],
			"rotation": {"angle": 0, "axis": "y", "origin": [8, 11, 7]},
			"faces": {
				"north": {"uv": [0, 0.5, 1.5, 2.5], "texture": "#0"},
				"east": {"uv": [0, 2, 1, 4], "texture": "#0"},
				"south": {"uv": [1.5, 0.5, 0, 2.5], "texture": "#0"},
				"up": {"uv": [0.5, 0, 2, 1], "texture": "#0"},
				"down": {"uv": [3, 2, 1.5, 3], "texture": "#0"}
			}
		},
		{
			"from": [6, 8, 7],
			"to": [10, 11, 9],
			"rotation": {"angle": 0, "axis": "y", "origin": [11, 11, 7]},
			"faces": {
				"north": {"uv": [2.5, 4.5, 4.5, 6], "texture": "#0"},
				"south": {"uv": [2.5, 4.5, 0.5, 6], "texture": "#0"},
				"up": {"uv": [3, 2, 5, 3], "texture": "#0"},
				"down": {"uv": [4.5, 2, 2.5, 3], "texture": "#0"}
			}
		},
		{
			"from": [10, 8, 7],
			"to": [13, 12, 9],
			"rotation": {"angle": 0, "axis": "y", "origin": [15, 11, 7]},
			"faces": {
				"north": {"uv": [3, 0.5, 4.5, 2.5], "texture": "#0"},
				"east": {"uv": [3, 0.5, 4, 2.5], "texture": "#0"},
				"south": {"uv": [4.5, 0.5, 3, 2.5], "texture": "#0"},
				"west": {"uv": [4, 2, 5, 4], "texture": "#0"},
				"up": {"uv": [0.5, 0, 2, 1], "texture": "#0"},
				"down": {"uv": [3, 2, 1.5, 3], "texture": "#0"}
			}
		},
		{
			"from": [10, 12, 7],
			"to": [11, 13, 9],
			"rotation": {"angle": 0, "axis": "y", "origin": [8, 12, 7]},
			"faces": {
				"north": {"uv": [3, 2.5, 2.5, 3], "texture": "#0"},
				"east": {"uv": [2, 2, 3, 2.5], "texture": "#0"},
				"south": {"uv": [4, 2.5, 4.5, 3], "texture": "#0"},
				"west": {"uv": [3.5, 2.5, 4.5, 3], "texture": "#0"},
				"up": {"uv": [3.5, 2.5, 4, 3.5], "texture": "#0"}
			}
		},
		{
			"from": [5, 12, 7],
			"to": [6, 13, 9],
			"rotation": {"angle": 0, "axis": "y", "origin": [1, 12, 7]},
			"faces": {
				"north": {"uv": [1.5, 3, 1, 3.5], "texture": "#0"},
				"east": {"uv": [0.5, 2.5, 1.5, 3], "texture": "#0"},
				"south": {"uv": [4, 2.5, 4.5, 3], "texture": "#0"},
				"west": {"uv": [3.5, 2.5, 4.5, 3], "texture": "#0"},
				"up": {"uv": [3.5, 2.5, 4, 3.5], "texture": "#0"}
			}
		},
		{
			"from": [10, 18, 7],
			"to": [17, 21, 9],
			"rotation": {"angle": 0, "axis": "y", "origin": [8, 19, 7]},
			"faces": {
				"north": {"uv": [0, 1, 3.5, 2.5], "texture": "#0"},
				"east": {"uv": [0, 1, 1, 2.5], "texture": "#0"},
				"south": {"uv": [5, 1, 1.5, 2.5], "texture": "#0"},
				"west": {"uv": [3.96667, 1, 4.96667, 2.5], "texture": "#0"},
				"up": {"uv": [0, 0, 3.5, 1], "texture": "#0"},
				"down": {"uv": [5, 2, 1.5, 3], "texture": "#0"}
			}
		},
		{
			"from": [6, 19, 7],
			"to": [10, 21, 9],
			"rotation": {"angle": 0, "axis": "y", "origin": [5, 19, 7]},
			"faces": {
				"north": {"uv": [1.5, 1, 3.5, 2], "texture": "#0"},
				"south": {"uv": [3.5, 1, 1.5, 2], "texture": "#0"},
				"up": {"uv": [1.5, 0, 3.5, 1], "texture": "#0"},
				"down": {"uv": [3.5, 2, 1.5, 3], "texture": "#0"}
			}
		},
		{
			"from": [-1, 18, 7],
			"to": [6, 21, 9],
			"rotation": {"angle": 0, "axis": "y", "origin": [1, 19, 7]},
			"faces": {
				"north": {"uv": [0, 1, 3.5, 2.5], "texture": "#0"},
				"east": {"uv": [3.33333, 1.33333, 4.33333, 2.83333], "texture": "#0"},
				"south": {"uv": [5, 1, 1.5, 2.5], "texture": "#0"},
				"west": {"uv": [0, 1, 1, 2.5], "texture": "#0"},
				"up": {"uv": [0, 0, 3.5, 1], "texture": "#0"},
				"down": {"uv": [5, 2, 1.5, 3], "texture": "#0"}
			}
		},
		{
			"from": [5, 17, 7],
			"to": [6, 18, 9],
			"rotation": {"angle": 0, "axis": "y", "origin": [1, 19, 7]},
			"faces": {
				"north": {"uv": [4, 0, 4.5, 0.5], "texture": "#0"},
				"east": {"uv": [3, 2, 4, 2.5], "texture": "#0"},
				"south": {"uv": [3.5, 2, 3, 2.5], "texture": "#0"},
				"west": {"uv": [1, 2, 2, 2.5], "texture": "#0"},
				"up": {"uv": [3, 2, 3.5, 3], "texture": "#0"},
				"down": {"uv": [4.5, 2, 4, 3], "texture": "#0"}
			}
		},
		{
			"from": [10, 17, 7],
			"to": [11, 18, 9],
			"rotation": {"angle": 0, "axis": "y", "origin": [8, 19, 7]},
			"faces": {
				"north": {"uv": [4, 0, 4.5, 0.5], "texture": "#0"},
				"east": {"uv": [3, 2, 4, 2.5], "texture": "#0"},
				"south": {"uv": [3.5, 2, 3, 2.5], "texture": "#0"},
				"west": {"uv": [1, 2, 2, 2.5], "texture": "#0"},
				"up": {"uv": [3, 2, 3.5, 3], "texture": "#0"},
				"down": {"uv": [4.5, 2, 4, 3], "texture": "#0"}
			}
		}
	],
	"display": {
		"thirdperson_righthand": {
			"rotation": [19.5, 90, 0],
			"translation": [0, 0.25, -1.75],
			"scale": [0.4, 0.4, 0.4]
		},
		"thirdperson_lefthand": {
			"rotation": [19.5, 90, 0],
			"translation": [0, 0.25, -1.75],
			"scale": [0.4, 0.4, 0.4]
		},
		"firstperson_righthand": {
			"rotation": [-6.2, -14.45, -1.55],
			"translation": [0.5, -0.25, 0],
			"scale": [0.5, 0.5, 0.5]
		},
		"firstperson_lefthand": {
			"rotation": [-6.2, -14.45, -1.55],
			"translation": [0.5, -0.25, 0],
			"scale": [0.5, 0.5, 0.5]
		},
		"ground": {
			"rotation": [15, 0, 0],
			"translation": [0, 1.75, 0],
			"scale": [0.74, 0.7, 0.7]
		},
		"gui": {
			"rotation": [15, -36.5, 0],
			"translation": [0, -2, 0],
			"scale": [0.6, 0.6, 0.6]
		},
		"head": {
			"rotation": [50.75, 0, 0],
			"translation": [0, -11.75, -7.25],
			"scale": [1.75, 1.75, 1.75]
		},
		"fixed": {
			"translation": [0, -3, 0],
			"scale": [0.8, 0.8, 0.8]
		}
	},
	"groups": [
		{
			"name": "WestPost",
			"origin": [0, 0, 0],
			"color": 0,
			"nbt": "{}",
			"children": [0, 1, 2, 3, 4]
		},
		{
			"name": "EastPost",
			"origin": [8, 8, 8],
			"color": 0,
			"nbt": "{}",
			"children": [5, 6, 7, 8, 9]
		},
		{
			"name": "Base",
			"origin": [1, 12, 7],
			"color": 0,
			"nbt": "{}",
			"children": [10, 11, 12, 13, 14]
		},
		{
			"name": "Restraint",
			"origin": [8, 8, 8],
			"color": 0,
			"nbt": "{}",
			"children": [15, 16, 17, 18, 19]
		}
	]
}