{
	"credit": "Made with Blockbench",
	"texture_size": [32, 32],
	"textures": {
		"0": "cuffed:block/pillory",
		"particle": "cuffed:block/pillory"
	},
	"elements": [
		{
			"from": [14, 0, 6],
			"to": [17, 16, 10],
			"rotation": {"angle": 0, "axis": "y", "origin": [16, 0, 0]},
			"faces": {
				"north": {"uv": [5, 4, 6.5, 12], "texture": "#0"},
				"east": {"uv": [8, 4, 10, 12], "texture": "#0"},
				"south": {"uv": [5, 4, 6.5, 12], "texture": "#0"},
				"west": {"uv": [6.5, 4, 8.5, 12], "texture": "#0"},
				"up": {"uv": [3.5, 6, 5, 8], "texture": "#0"},
				"down": {"uv": [3.5, 6, 5, 8], "texture": "#0"}
			}
		},
		{
			"from": [-1, 0, 6],
			"to": [2, 16, 10],
			"rotation": {"angle": 0, "axis": "y", "origin": [16, 0, 0]},
			"faces": {
				"north": {"uv": [5, 4, 6.5, 12], "texture": "#0"},
				"east": {"uv": [8, 4, 10, 12], "texture": "#0"},
				"south": {"uv": [5, 4, 6.5, 12], "texture": "#0"},
				"west": {"uv": [6.5, 4, 8.5, 12], "texture": "#0"},
				"up": {"uv": [3.5, 6, 5, 8], "texture": "#0"},
				"down": {"uv": [3.5, 6, 5, 8], "texture": "#0"}
			}
		},
		{
			"from": [10, 10, 7],
			"to": [14, 14, 9],
			"rotation": {"angle": 0, "axis": "y", "origin": [15, 11, 7]},
			"faces": {
				"north": {"uv": [0, 4, 2, 6], "texture": "#0"},
				"east": {"uv": [0, 0, 0, 0], "texture": "#0"},
				"south": {"uv": [2, 4, 0, 6], "texture": "#0"},
				"west": {"uv": [2.58333, 1, 3.58333, 3], "texture": "#0"},
				"up": {"uv": [0, 0.5, 2, 1.5], "texture": "#0"},
				"down": {"uv": [4.06667, 2, 2.06667, 3], "texture": "#0"}
			}
		},
		{
			"from": [6, 10, 7],
			"to": [10, 13, 9],
			"rotation": {"angle": 0, "axis": "y", "origin": [11, 11, 7]},
			"faces": {
				"north": {"uv": [1.5, 4.5, 3.5, 6], "texture": "#0"},
				"east": {"uv": [0, 0, 0, 0], "texture": "#0"},
				"south": {"uv": [3.5, 4.5, 1.5, 6], "texture": "#0"},
				"west": {"uv": [0, 0, 0, 0], "texture": "#0"},
				"up": {"uv": [2, 4, 4, 5], "texture": "#0"},
				"down": {"uv": [5, 5, 3, 6], "texture": "#0"}
			}
		},
		{
			"from": [2, 10, 7],
			"to": [6, 14, 9],
			"rotation": {"angle": 0, "axis": "y", "origin": [8, 11, 7]},
			"faces": {
				"north": {"uv": [3, 4, 5, 6], "texture": "#0"},
				"east": {"uv": [2.06667, 0.5, 3.06667, 2.5], "texture": "#0"},
				"south": {"uv": [5, 4, 3, 6], "texture": "#0"},
				"west": {"uv": [0, 0, 0, 0], "texture": "#0"},
				"up": {"uv": [3.5, 0.5, 5, 1.5], "texture": "#0"},
				"down": {"uv": [5, 2, 3, 3], "texture": "#0"}
			}
		},
		{
			"from": [5, 14, 7],
			"to": [6, 15, 9],
			"rotation": {"angle": 0, "axis": "y", "origin": [1, 12, 7]},
			"faces": {
				"north": {"uv": [2.5, 5, 2, 5.5], "texture": "#0"},
				"east": {"uv": [1, 4, 2, 4.5], "texture": "#0"},
				"south": {"uv": [3, 4, 3.5, 4.5], "texture": "#0"},
				"west": {"uv": [0, 0, 1, 0.5], "texture": "#0"},
				"up": {"uv": [0, 0, 0.5, 1], "texture": "#0"},
				"down": {"uv": [0, 0, 0, 0], "texture": "#0"}
			}
		},
		{
			"from": [10, 14, 7],
			"to": [11, 15, 9],
			"rotation": {"angle": 0, "axis": "y", "origin": [8, 12, 7]},
			"faces": {
				"north": {"uv": [1, 0.5, 1.5, 0], "texture": "#0"},
				"east": {"uv": [2.5, 4.5, 3.5, 4], "texture": "#0"},
				"south": {"uv": [2.5, 1, 2, 0.5], "texture": "#0"},
				"west": {"uv": [1, 5, 2, 4.5], "texture": "#0"},
				"up": {"uv": [0, 0, 0.5, 1], "texture": "#0"},
				"down": {"uv": [0, 0, 0, 0], "texture": "#0"}
			}
		}
	],
	"display": {
		"thirdperson_righthand": {
			"rotation": [19.5, 90, 0],
			"translation": [0, 0.25, -1.75],
			"scale": [0.4, 0.4, 0.4]
		},
		"thirdperson_lefthand": {
			"rotation": [19.5, 90, 0],
			"translation": [0, 0.25, -1.75],
			"scale": [0.4, 0.4, 0.4]
		},
		"firstperson_righthand": {
			"rotation": [-6.2, -14.45, -1.55],
			"translation": [0.5, -0.25, 0],
			"scale": [0.5, 0.5, 0.5]
		},
		"firstperson_lefthand": {
			"rotation": [-6.2, -14.45, -1.55],
			"translation": [0.5, -0.25, 0],
			"scale": [0.5, 0.5, 0.5]
		},
		"ground": {
			"rotation": [15, 0, 0],
			"translation": [0, 1.75, 0],
			"scale": [0.74, 0.7, 0.7]
		},
		"gui": {
			"rotation": [15, -36.5, 0],
			"translation": [0, -0.25, 0],
			"scale": [0.6, 0.6, 0.6]
		},
		"head": {
			"rotation": [50.75, 0, 0],
			"translation": [0, -5, 0.5],
			"scale": [1.75, 1.75, 1.75]
		},
		"fixed": {
			"translation": [0, -0.25, 0],
			"scale": [0.8, 0.8, 0.8]
		}
	},
	"groups": [
		{
			"name": "Base",
			"origin": [8, 8, 8],
			"color": 0,
			"nbt": "{}",
			"children": [0, 1]
		},
		2,
		3,
		4,
		5,
		6
	]
}