{
	"credit": "Made with Blockbench",
	"texture_size": [32, 32],
	"textures": {
		"0": "cuffed:block/pillory",
		"particle": "cuffed:block/pillory"
	},
	"elements": [
		{
			"from": [-1, 0, 6],
			"to": [2, 7, 7],
			"rotation": {"angle": 0, "axis": "y", "origin": [3, 9, 0]},
			"faces": {
				"north": {"uv": [5, 1, 6.5, 4.5], "texture": "#0"},
				"east": {"uv": [9.5, 1, 10, 4.5], "texture": "#0"},
				"south": {"uv": [8, 1, 9.5, 4.5], "texture": "#0"},
				"west": {"uv": [6, 1, 6.5, 4.5], "texture": "#0"}
			}
		},
		{
			"from": [0, 3, 5],
			"to": [1, 4, 11],
			"rotation": {"angle": 0, "axis": "y", "origin": [3, 7, 0]},
			"faces": {
				"north": {"uv": [0.5, 3, 1, 3.5], "texture": "#0"},
				"east": {"uv": [1.5, 2, 4.5, 2.5], "texture": "#0"},
				"south": {"uv": [3, 2, 3.5, 2.5], "texture": "#0"},
				"west": {"uv": [0.5, 2, 3.5, 2.5], "texture": "#0"},
				"up": {"uv": [0, 6, 0.5, 9], "texture": "#0"},
				"down": {"uv": [0, 6, 0.5, 9], "texture": "#0"}
			}
		},
		{
			"from": [-1, 7, 6],
			"to": [2, 9, 10],
			"rotation": {"angle": 0, "axis": "y", "origin": [3, 9, 0]},
			"faces": {
				"north": {"uv": [5, 0, 6.5, 1], "texture": "#0"},
				"east": {"uv": [8, 0, 10, 1], "texture": "#0"},
				"south": {"uv": [5, 0, 6.5, 1], "texture": "#0"},
				"west": {"uv": [6, 0, 8, 1], "texture": "#0"},
				"up": {"uv": [3.5, 6, 5, 8], "texture": "#0"},
				"down": {"uv": [2, 6, 3.5, 8], "texture": "#0"}
			}
		},
		{
			"from": [-1, 0, 9],
			"to": [2, 7, 10],
			"rotation": {"angle": 0, "axis": "y", "origin": [3, 9, 3]},
			"faces": {
				"north": {"uv": [8, 1, 9.5, 4.5], "texture": "#0"},
				"east": {"uv": [9.5, 1, 10, 4.5], "texture": "#0"},
				"south": {"uv": [5, 1, 6.5, 4.5], "texture": "#0"},
				"west": {"uv": [9, 1, 9.5, 4.5], "texture": "#0"}
			}
		},
		{
			"from": [14, 0, 9],
			"to": [17, 7, 10],
			"rotation": {"angle": 0, "axis": "y", "origin": [16, 9, 3]},
			"faces": {
				"north": {"uv": [8, 1, 9.5, 4.5], "texture": "#0"},
				"east": {"uv": [9.5, 1, 10, 4.5], "texture": "#0"},
				"south": {"uv": [5, 1, 6.5, 4.5], "texture": "#0"},
				"west": {"uv": [9, 1, 9.5, 4.5], "texture": "#0"}
			}
		},
		{
			"from": [14, 0, 6],
			"to": [17, 7, 7],
			"rotation": {"angle": 0, "axis": "y", "origin": [16, 9, 0]},
			"faces": {
				"north": {"uv": [5, 1, 6.5, 4.5], "texture": "#0"},
				"east": {"uv": [9.5, 1, 10, 4.5], "texture": "#0"},
				"south": {"uv": [8, 1, 9.5, 4.5], "texture": "#0"},
				"west": {"uv": [6, 1, 6.5, 4.5], "texture": "#0"}
			}
		},
		{
			"from": [14, 7, 6],
			"to": [17, 9, 10],
			"rotation": {"angle": 0, "axis": "y", "origin": [16, 9, 0]},
			"faces": {
				"north": {"uv": [5, 3.5, 6.5, 4.5], "texture": "#0"},
				"east": {"uv": [8, 3.5, 10, 4.5], "texture": "#0"},
				"south": {"uv": [5, 3.5, 6.5, 4.5], "texture": "#0"},
				"west": {"uv": [6, 3.5, 8, 4.5], "texture": "#0"},
				"up": {"uv": [3.5, 6, 5, 8], "texture": "#0"},
				"down": {"uv": [2, 6, 3.5, 8], "texture": "#0"}
			}
		},
		{
			"from": [15, 3, 5],
			"to": [16, 4, 11],
			"rotation": {"angle": 0, "axis": "y", "origin": [16, 7, 0]},
			"faces": {
				"north": {"uv": [0.5, 3, 1, 3.5], "texture": "#0"},
				"east": {"uv": [1.5, 2, 4.5, 2.5], "texture": "#0"},
				"south": {"uv": [3, 2, 3.5, 2.5], "texture": "#0"},
				"west": {"uv": [0.5, 2, 3.5, 2.5], "texture": "#0"},
				"up": {"uv": [0, 6, 0.5, 9], "texture": "#0"},
				"down": {"uv": [0, 6, 0.5, 9], "texture": "#0"}
			}
		},
		{
			"from": [10, 4, 7],
			"to": [18, 7, 9],
			"rotation": {"angle": 0, "axis": "z", "origin": [8, 19, 7]},
			"faces": {
				"north": {"uv": [0, 1, 4, 2.5], "texture": "#0"},
				"east": {"uv": [0, 1, 1, 2.5], "texture": "#0"},
				"south": {"uv": [4.98333, 1, 0.98333, 2.5], "texture": "#0"},
				"west": {"uv": [3.44167, 1.5, 4.44167, 3], "texture": "#0"},
				"up": {"uv": [0, 0, 4, 1], "texture": "#0"},
				"down": {"uv": [4.975, 2, 0.975, 3], "texture": "#0"}
			}
		},
		{
			"from": [6, 6, 7],
			"to": [10, 8, 9],
			"rotation": {"angle": 0, "axis": "z", "origin": [5, 19, 7]},
			"faces": {
				"north": {"uv": [2, 1, 4, 1.5], "texture": "#0"},
				"south": {"uv": [4, 1, 2, 1.5], "texture": "#0"},
				"up": {"uv": [2, 0, 4, 1], "texture": "#0"},
				"down": {"uv": [4, 2, 2, 3], "texture": "#0"}
			}
		},
		{
			"from": [10, 7, 7],
			"to": [12, 8, 9],
			"rotation": {"angle": 0, "axis": "z", "origin": [5, 19, 7]},
			"faces": {
				"north": {"uv": [2, 1, 3, 1.5], "texture": "#0"},
				"east": {"uv": [0, 0, 1, 0.5], "texture": "#0"},
				"south": {"uv": [3, 1, 2, 1.5], "texture": "#0"},
				"up": {"uv": [2, 0, 3, 1], "texture": "#0"}
			}
		},
		{
			"from": [4, 7, 7],
			"to": [6, 8, 9],
			"rotation": {"angle": 0, "axis": "z", "origin": [5, 19, 7]},
			"faces": {
				"north": {"uv": [2, 1, 3, 1.5], "texture": "#0"},
				"south": {"uv": [3, 1, 2, 1.5], "texture": "#0"},
				"west": {"uv": [0, 0, 1, 0.5], "texture": "#0"},
				"up": {"uv": [2, 0, 3, 1], "texture": "#0"}
			}
		},
		{
			"from": [-2, 4, 7],
			"to": [6, 7, 9],
			"rotation": {"angle": 0, "axis": "z", "origin": [1, 19, 7]},
			"faces": {
				"north": {"uv": [1, 1, 5, 2.5], "texture": "#0"},
				"east": {"uv": [2.5, 1.5, 3.5, 3], "texture": "#0"},
				"south": {"uv": [4, 1, 0, 2.5], "texture": "#0"},
				"west": {"uv": [1, 1, 2, 2.5], "texture": "#0"},
				"up": {"uv": [1, 1, 5, 2], "texture": "#0"},
				"down": {"uv": [4, 1, 0, 2], "texture": "#0"}
			}
		},
		{
			"from": [5, 3, 7],
			"to": [6, 4, 9],
			"rotation": {"angle": 0, "axis": "z", "origin": [1, 19, 7]},
			"faces": {
				"north": {"uv": [2.5, 2, 3, 2.5], "texture": "#0"},
				"east": {"uv": [3.5, 2.5, 4.5, 3], "texture": "#0"},
				"south": {"uv": [2.5, 2, 2, 2.5], "texture": "#0"},
				"west": {"uv": [0, 0, 1, 0.5], "texture": "#0"},
				"up": {"uv": [3.5, 0, 4, 1], "texture": "#0"},
				"down": {"uv": [3, 2, 2.5, 3], "texture": "#0"}
			}
		},
		{
			"from": [10, 3, 7],
			"to": [11, 4, 9],
			"rotation": {"angle": 0, "axis": "z", "origin": [8, 19, 7]},
			"faces": {
				"north": {"uv": [2.5, 2, 3, 2.5], "texture": "#0"},
				"east": {"uv": [3.5, 2.5, 4.5, 3], "texture": "#0"},
				"south": {"uv": [2.5, 2, 2, 2.5], "texture": "#0"},
				"west": {"uv": [0, 0, 1, 0.5], "texture": "#0"},
				"up": {"uv": [3.5, 0, 4, 1], "texture": "#0"},
				"down": {"uv": [3, 2, 2.5, 3], "texture": "#0"}
			}
		}
	],
	"display": {
		"thirdperson_righthand": {
			"rotation": [19.5, 90, 0],
			"translation": [0, 0.25, -1.75],
			"scale": [0.4, 0.4, 0.4]
		},
		"thirdperson_lefthand": {
			"rotation": [19.5, 90, 0],
			"translation": [0, 0.25, -1.75],
			"scale": [0.4, 0.4, 0.4]
		},
		"firstperson_righthand": {
			"rotation": [-6.2, -14.45, -1.55],
			"translation": [0.5, -0.25, 0],
			"scale": [0.5, 0.5, 0.5]
		},
		"firstperson_lefthand": {
			"rotation": [-6.2, -14.45, -1.55],
			"translation": [0.5, -0.25, 0],
			"scale": [0.5, 0.5, 0.5]
		},
		"ground": {
			"rotation": [15, 0, 0],
			"translation": [0, 1.75, 0],
			"scale": [0.74, 0.7, 0.7]
		},
		"gui": {
			"rotation": [15, -36.5, 0],
			"translation": [0, -2, 0],
			"scale": [0.6, 0.6, 0.6]
		},
		"head": {
			"rotation": [50.75, 0, 0],
			"translation": [0, -11.75, -7.25],
			"scale": [1.75, 1.75, 1.75]
		},
		"fixed": {
			"translation": [0, -3, 0],
			"scale": [0.8, 0.8, 0.8]
		}
	},
	"groups": [
		{
			"name": "WestPost",
			"origin": [0, 0, 0],
			"color": 0,
			"nbt": "{}",
			"children": [0, 1, 2, 3]
		},
		{
			"name": "EastPost",
			"origin": [8, 8, 8],
			"color": 0,
			"nbt": "{}",
			"children": [4, 5, 6, 7]
		},
		{
			"name": "Restraint",
			"origin": [8, 8, 8],
			"color": 0,
			"nbt": "{}",
			"children": [8, 9, 10, 11, 12, 13, 14]
		}
	]
}