{
	"format_version": "1.9.0",
	"credit": "Made with Blockbench",
	"texture_size": [32, 32],
	"textures": {
		"0": "cuffed:block/possessions_box",
		"particle": "cuffed:block/possessions_box"
	},
	"elements": [
		{
			"from": [4, 0, 5],
			"to": [12, 1, 11],
			"rotation": {"angle": 0, "axis": "y", "origin": [8, 0, 8]},
			"faces": {
				"north": {"uv": [0, 5, 4, 5.5], "texture": "#0"},
				"east": {"uv": [4, 2.5, 7, 3], "texture": "#0"},
				"south": {"uv": [0, 5, 4, 5.5], "texture": "#0"},
				"west": {"uv": [4, 2.5, 7, 3], "texture": "#0"},
				"up": {"uv": [4, 3, 0, 0], "texture": "#0"},
				"down": {"uv": [4, 0, 0, 3], "texture": "#0"}
			}
		},
		{
			"from": [4, 1, 5],
			"to": [12, 5, 5],
			"rotation": {"angle": 0, "axis": "y", "origin": [8, 0, 8]},
			"faces": {
				"north": {"uv": [0, 3, 4, 5], "texture": "#0"},
				"south": {"uv": [0, 3, 4, 5], "texture": "#0"}
			}
		},
		{
			"from": [4, 1, 11],
			"to": [12, 5, 11],
			"rotation": {"angle": 0, "axis": "y", "origin": [8, 0, 8]},
			"faces": {
				"north": {"uv": [0, 3, 4, 5], "texture": "#0"},
				"south": {"uv": [0, 3, 4, 5], "texture": "#0"}
			}
		},
		{
			"from": [4, 1, 5],
			"to": [4, 5, 11],
			"rotation": {"angle": 0, "axis": "y", "origin": [8, 0, 8]},
			"faces": {
				"east": {"uv": [4, 0.5, 7, 2.5], "texture": "#0"},
				"west": {"uv": [4, 0.5, 7, 2.5], "texture": "#0"}
			}
		},
		{
			"from": [12, 1, 5],
			"to": [12, 5, 11],
			"rotation": {"angle": 0, "axis": "y", "origin": [8, 0, 8]},
			"faces": {
				"east": {"uv": [4, 0.5, 7, 2.5], "texture": "#0"},
				"west": {"uv": [4, 0.5, 7, 2.5], "texture": "#0"}
			}
		}
	],
	"display": {
		"thirdperson_righthand": {
			"rotation": [76, 0, 0],
			"translation": [-6, 2, 5],
			"scale": [1.25, 1.25, 1.25]
		},
		"thirdperson_lefthand": {
			"rotation": [76, 0, 0],
			"translation": [-6, 2, 5],
			"scale": [1.25, 1.25, 1.25]
		},
		"firstperson_righthand": {
			"rotation": [-8, 0, 0],
			"translation": [-9, 7.25, -5.5],
			"scale": [3, 2, 2]
		},
		"firstperson_lefthand": {
			"rotation": [-8, 0, 0],
			"translation": [-9, 7.25, -5.5],
			"scale": [3, 2, 2]
		},
		"ground": {
			"translation": [0, 4.25, 0]
		},
		"gui": {
			"rotation": [30, 45, 0],
			"translation": [0, 7, 0],
			"scale": [1.5, 1.5, 1.5]
		},
		"head": {
			"rotation": [-13, 87, 180],
			"translation": [0, -12, 2.5],
			"scale": [2.5, 2.5, 2.5]
		},
		"fixed": {
			"rotation": [-90, 0, 0],
			"translation": [0, 0, -16],
			"scale": [2, 2, 2]
		}
	},
	"groups": [
		{
			"name": "Block",
			"origin": [8, 8, 8],
			"color": 0,
			"children": [0, 1, 2, 3, 4]
		}
	]
}