{
    "ambientocclusion": false,
    "textures": {
        "particle": "cuffed:block/reinforced_bars_top",
        "bars": "cuffed:block/reinforced_bars_top",
        "edge": "cuffed:block/reinforced_bars_top"
    },
    "elements": [
        {   "from": [ 8, 0, 0 ],
            "to": [ 8, 16, 8 ],
            "faces": {
                "west": { "uv": [ 16, 0,  8, 16 ], "texture": "#bars" },
                "east": { "uv": [  8, 0, 16, 16 ], "texture": "#bars" }
            }
        },
        {   "from": [ 7, 0, 0 ],
            "to": [ 9, 16, 7 ],
            "faces": {
                "north": { "uv": [ 7, 0, 9, 16 ], "texture": "#edge", "cullface": "north" }
            }
        }
    ],
    "render_type": "cutout"
}
