{
    "ambientocclusion": false,
    "textures": {
        "particle": "cuffed:block/reinforced_bars_bottom",
        "bars": "cuffed:block/reinforced_bars_bottom",
        "edge": "cuffed:block/reinforced_bars_bottom"
    },
    "elements": [
        {   "from": [ 8, 0, 7 ],
            "to": [ 8, 16, 8 ],
            "faces": {
                "west": { "uv": [ 8, 0, 9, 16 ], "texture": "#bars" },
                "east": { "uv": [ 9, 0, 8, 16 ], "texture": "#bars" }
            }
        },
        {   "from": [ 7, 0, 7 ],
            "to": [ 9, 16, 7 ],
            "faces": {
                "north": { "uv": [ 7, 0, 9, 16 ], "texture": "#bars" },
                "south": { "uv": [ 9, 0, 7, 16 ], "texture": "#bars" }
            }
        }
    ],
    "render_type": "cutout"
}
