{
	"credit": "Made with Blockbench",
    "render_type": "translucent",
	"texture_size": [32, 32],
	"textures": {
		"0": "cuffed:block/toilet",
		"1": "cuffed:block/toilet_water",
		"particle": "cuffed:block/toilet"
	},
	"elements": [
		{
			"from": [0, 0, 12],
			"to": [16, 18, 16],
			"rotation": {"angle": 0, "axis": "y", "origin": [3, 0, 14]},
			"faces": {
				"north": {"uv": [8, 0, 16, 9], "texture": "#0"},
				"east": {"uv": [6, 0, 8, 9], "texture": "#0"},
				"south": {"uv": [16, 0, 8, 9], "texture": "#0"},
				"west": {"uv": [6, 0, 8, 9], "texture": "#0"},
				"up": {"uv": [8, 9, 16, 11], "texture": "#0"},
				"down": {"uv": [8, 11, 16, 13], "texture": "#0"}
			}
		},
		{
			"from": [2, 4, 5],
			"to": [14, 5, 12],
			"rotation": {"angle": 0, "axis": "y", "origin": [3, 0, 14]},
			"faces": {
				"north": {"uv": [0.5, 11, 6.5, 11.5], "texture": "#0"},
				"east": {"uv": [0.5, 11, 4, 11.5], "texture": "#0"},
				"west": {"uv": [0.5, 11, 4, 11.5], "texture": "#0"},
				"up": {"uv": [0, 6.5, 6, 10], "texture": "#0"},
				"down": {"uv": [0, 12.5, 6, 16], "texture": "#0"}
			}
		},
		{
			"from": [5, 0, 5],
			"to": [11, 4, 12],
			"rotation": {"angle": 0, "axis": "y", "origin": [3, -5, 14]},
			"faces": {
				"north": {"uv": [13, 13, 16, 15], "texture": "#0"},
				"east": {"uv": [9.5, 13, 13, 15], "texture": "#0"},
				"west": {"uv": [13, 13, 9.5, 15], "texture": "#0"},
				"down": {"uv": [3, 0, 6, 3.5], "texture": "#0"}
			}
		},
		{
			"from": [5, 4, 2],
			"to": [11, 7, 3],
			"rotation": {"angle": 0, "axis": "y", "origin": [3, 0, 14]},
			"faces": {
				"north": {"uv": [4, 12, 7, 14], "texture": "#0"},
				"east": {"uv": [4, 12, 4.5, 14], "texture": "#0"},
				"west": {"uv": [4, 12, 4.5, 14], "texture": "#0"},
				"up": {"uv": [4, 12, 7, 12.5], "texture": "#0"},
				"down": {"uv": [4, 12, 7, 12.5], "texture": "#0"}
			}
		},
		{
			"from": [5, 5, 5],
			"to": [6, 7, 6],
			"rotation": {"angle": 0, "axis": "y", "origin": [3, 0, 15]},
			"faces": {
				"east": {"uv": [3.5, 12.5, 4, 14], "texture": "#0"},
				"south": {"uv": [3.5, 12.5, 4, 14], "texture": "#0"},
				"up": {"uv": [3.5, 12.5, 4, 13], "texture": "#0"}
			}
		},
		{
			"from": [10, 5, 5],
			"to": [11, 7, 6],
			"rotation": {"angle": 0, "axis": "y", "origin": [8, 0, 15]},
			"faces": {
				"south": {"uv": [3.5, 12.5, 4, 14], "texture": "#0"},
				"west": {"uv": [3.5, 12.5, 4, 14], "texture": "#0"},
				"up": {"uv": [3.5, 12.5, 4, 13], "texture": "#0"}
			}
		},
		{
			"from": [11, 5, 5],
			"to": [14, 7, 12],
			"rotation": {"angle": 0, "axis": "y", "origin": [12, 0, 15]},
			"faces": {
				"north": {"uv": [0, 10, 1.5, 11.5], "texture": "#0"},
				"east": {"uv": [0, 14.5, 3.5, 16], "texture": "#0"},
				"west": {"uv": [0, 14.5, 3.5, 16], "texture": "#0"},
				"up": {"uv": [0, 10, 1.5, 13.5], "texture": "#0"}
			}
		},
		{
			"from": [2, 5, 5],
			"to": [5, 7, 12],
			"rotation": {"angle": 0, "axis": "y", "origin": [2, 0, 15]},
			"faces": {
				"north": {"uv": [1.5, 12, 3, 13.5], "texture": "#0"},
				"east": {"uv": [4, 11, 7.5, 12.5], "texture": "#0"},
				"west": {"uv": [1, 11, 4.5, 12.5], "texture": "#0"},
				"up": {"uv": [2, 12, 3.5, 15.5], "texture": "#0"}
			}
		},
		{
			"from": [3, 4, 3],
			"to": [13, 7, 5],
			"rotation": {"angle": 0, "axis": "y", "origin": [3, 0, 15]},
			"faces": {
				"north": {"uv": [1, 12, 6, 14], "texture": "#0"},
				"east": {"uv": [5.5, 12, 6.5, 14], "texture": "#0"},
				"south": {"uv": [0, 10.5, 5, 12.5], "texture": "#0"},
				"west": {"uv": [3.5, 13, 4.5, 15], "texture": "#0"},
				"up": {"uv": [2, 10.5, 7, 11.5], "texture": "#0"},
				"down": {"uv": [2.5, 11.5, 7.5, 12.5], "texture": "#0"}
			}
		},
		{
			"name": "water_level",
			"from": [4, 6, 4],
			"to": [12, 6, 12],
			"rotation": {"angle": 0, "axis": "y", "origin": [5, 4, 10]},
			"faces": {
				"up": {"uv": [0, 0, 8, 8], "texture": "#1"}
			}
		}
	],
	"display": {
		"thirdperson_righthand": {
			"rotation": [42, 0, 0],
			"translation": [0, 0.25, -1.5],
			"scale": [0.3, 0.3, 0.3]
		},
		"thirdperson_lefthand": {
			"rotation": [42, 0, 0],
			"translation": [0, 0.25, -1.5],
			"scale": [0.3, 0.3, 0.3]
		},
		"firstperson_righthand": {
			"rotation": [-10, 94, 0],
			"translation": [0, 3.5, 0],
			"scale": [0.5, 0.5, 0.5]
		},
		"firstperson_lefthand": {
			"rotation": [-10, 94, 0],
			"translation": [0, 3.5, 0],
			"scale": [0.5, 0.5, 0.5]
		},
		"ground": {
			"scale": [0.5, 0.5, 0.5]
		},
		"gui": {
			"rotation": [33, 135, 0],
			"translation": [-1.5, -1.75, 0],
			"scale": [0.6, 0.6, 0.6]
		},
		"head": {
			"translation": [0, 0, -11.25]
		},
		"fixed": {
			"translation": [0, -1, -7]
		}
	},
	"groups": [
		{
			"name": "block",
			"origin": [8, 8, 8],
			"color": 0,
			"nbt": "{}",
			"children": [0, 1, 2, 3, 4, 5, 6, 7, 8, 9]
		}
	]
}