{
	"credit": "Made with Blockbench",
	"textures": {
		"0": "cuffed:block/tray",
		"particle": "cuffed:block/tray"
	},
	"elements": [
		{
			"from": [2, 0, 4],
			"to": [14, 0.5, 12],
			"rotation": {"angle": 0, "axis": "y", "origin": [10, 0, 9]},
			"faces": {
				"north": {"uv": [0, 0, 12, 0.5], "texture": "#0"},
				"east": {"uv": [0, 0, 8, 0.5], "texture": "#0"},
				"south": {"uv": [0, 7, 12, 7.5], "texture": "#0"},
				"west": {"uv": [3, 7, 11, 7.5], "texture": "#0"},
				"up": {"uv": [0, 0, 12, 8], "texture": "#0"},
				"down": {"uv": [0, 8, 12, 16], "texture": "#0"}
			}
		},
		{
			"from": [2, 0.5, 11],
			"to": [14, 1, 12],
			"rotation": {"angle": 0, "axis": "y", "origin": [10, 0.5, 9]},
			"faces": {
				"north": {"uv": [12, 7, 0, 7.5], "texture": "#0"},
				"east": {"uv": [0, 0, 1, 0.5], "texture": "#0"},
				"south": {"uv": [0, 7, 12, 7.5], "texture": "#0"},
				"west": {"uv": [10, 7, 11, 7.5], "texture": "#0"},
				"up": {"uv": [0, 7, 12, 8], "texture": "#0"}
			}
		},
		{
			"from": [2, 0.5, 4],
			"to": [14, 1, 5],
			"rotation": {"angle": 0, "axis": "y", "origin": [10, 0.5, 2]},
			"faces": {
				"north": {"uv": [0, 0, 12, 0.5], "texture": "#0"},
				"east": {"uv": [10, 0, 11, 0.5], "texture": "#0"},
				"south": {"uv": [0, 0, 12, 0.5], "texture": "#0"},
				"west": {"uv": [2, 7, 3, 7.5], "texture": "#0"},
				"up": {"uv": [0, 0, 12, 1], "texture": "#0"}
			}
		},
		{
			"from": [13, 0.5, 5],
			"to": [14, 1, 11],
			"rotation": {"angle": 0, "axis": "y", "origin": [10, 0.5, 6]},
			"faces": {
				"east": {"uv": [0, 0, 6, 0.5], "texture": "#0"},
				"west": {"uv": [9, 7, 3, 7.5], "texture": "#0"},
				"up": {"uv": [0, 0, 1, 6], "texture": "#0"}
			}
		},
		{
			"from": [2, 0.5, 5],
			"to": [3, 1, 11],
			"rotation": {"angle": 0, "axis": "y", "origin": [-1, 0.5, 6]},
			"faces": {
				"east": {"uv": [0, 0, 6, 0.5], "texture": "#0"},
				"west": {"uv": [4, 7, 10, 7.5], "texture": "#0"},
				"up": {"uv": [0, 0, 1, 6], "texture": "#0"}
			}
		}
	],
	"groups": [
		{
			"name": "block",
			"origin": [8, 8, 8],
			"color": 0,
			"nbt": "{}",
			"children": [0, 1, 2, 3, 4]
		}
	]
}